agency_name,sub_agency,recipient,non_profit,hospital,n_row,n_award,sum_row
DEPARTMENT OF JUSTICE (DOJ),FEDERAL PRISON SYSTEM / BUREAU OF PRISONS,"NAPHCARE, INC.",FALSE,FALSE,1369,582,56089894.32
DEPARTMENT OF JUSTICE (DOJ),FEDERAL PRISON SYSTEM / BUREAU OF PRISONS,"SEVEN CORNERS, INC",FALSE,FALSE,1011,447,28209814.29
DEPARTMENT OF JUSTICE (DOJ),FEDERAL PRISON SYSTEM / BUREAU OF PRISONS,"CORRECT CARE SOLUTIONS, LLC",FALSE,FALSE,626,290,20081537.86
DEPARTMENT OF JUSTICE (DOJ),FEDERAL PRISON SYSTEM / BUREAU OF PRISONS,"INTEGRATED MEDICAL SOLUTIONS, INC",FALSE,FALSE,432,218,9970039.32
DEPARTMENT OF JUSTICE (DOJ),FEDERAL PRISON SYSTEM / BUREAU OF PRISONS,UNIVERSITY OF MASSACHUSETTS,FALSE,FALSE,174,82,19569624.8
DEPARTMENT OF JUSTICE (DOJ),FEDERAL PRISON SYSTEM / BUREAU OF PRISONS,MAYO CLINIC,TRUE,TRUE,154,59,2318792.36
DEPARTMENT OF JUSTICE (DOJ),FEDERAL PRISON SYSTEM / BUREAU OF PRISONS,"AKESO CARE MANAGEMENT, INC.",FALSE,FALSE,144,81,-156222.49000000002
DEPARTMENT OF JUSTICE (DOJ),FEDERAL PRISON SYSTEM / BUREAU OF PRISONS,WELLPATH LLC,FALSE,FALSE,127,47,4813873.25
DEPARTMENT OF JUSTICE (DOJ),FEDERAL PRISON SYSTEM / BUREAU OF PRISONS,JACKSON MEMORIAL HOSPITAL,FALSE,TRUE,112,87,160466.69
DEPARTMENT OF JUSTICE (DOJ),FEDERAL PRISON SYSTEM / BUREAU OF PRISONS,MERCY HOSPITAL SPRINGFIELD,TRUE,TRUE,106,58,1197718.68
DEPARTMENT OF JUSTICE (DOJ),FEDERAL PRISON SYSTEM / BUREAU OF PRISONS,"LEAGUE MEDICAL CONCEPTS, LLC",FALSE,FALSE,103,36,1889580.79
DEPARTMENT OF JUSTICE (DOJ),FEDERAL PRISON SYSTEM / BUREAU OF PRISONS,"LARKIN COMMUNITY HOSPITAL, INC.",FALSE,TRUE,102,76,-1614239.17
DEPARTMENT OF DEFENSE (DOD),DEPT OF THE NAVY,"ARORA GROUP, INC., THE",FALSE,FALSE,96,26,16082379.38
DEPARTMENT OF JUSTICE (DOJ),FEDERAL PRISON SYSTEM / BUREAU OF PRISONS,"WEST VIRGINIA UNIVERSITY HOSPITALS, INC.",FALSE,TRUE,82,44,1015038.7
DEPARTMENT OF JUSTICE (DOJ),FEDERAL PRISON SYSTEM / BUREAU OF PRISONS,"LOMPOC VALLEY COMMUNITY HEALTHCARE ORGANIZATION, INC.",TRUE,FALSE,80,28,-1846136.27
DEPARTMENT OF DEFENSE (DOD),DEPT OF THE AIR FORCE,"ENTERPRISE RESOURCE PLANNING INTERNATIONAL, LLC",FALSE,FALSE,76,27,12497376.5
DEPARTMENT OF JUSTICE (DOJ),FEDERAL PRISON SYSTEM / BUREAU OF PRISONS,"AMERICAN CORRECTIONAL HEALTHCARE, INC.",FALSE,FALSE,67,36,401257.98000000004
DEPARTMENT OF JUSTICE (DOJ),FEDERAL PRISON SYSTEM / BUREAU OF PRISONS,MERCY HEALTH YOUNGSTOWN LLC,TRUE,TRUE,61,41,69834.18
DEPARTMENT OF DEFENSE (DOD),DEPT OF THE NAVY,"DISTINCTIVE HEALTH SPECTRUM CARE JV, LLC",FALSE,FALSE,58,17,5856668.49
DEPARTMENT OF JUSTICE (DOJ),FEDERAL PRISON SYSTEM / BUREAU OF PRISONS,UNIVERSITY OF NORTH TEXAS HEALTH SCIENCE CENTER AT FORT WORTH,FALSE,FALSE,57,30,9379459.56
DEPARTMENT OF JUSTICE (DOJ),FEDERAL PRISON SYSTEM / BUREAU OF PRISONS,WEST VIRGINIA UNIV MED CORP,TRUE,FALSE,55,30,-594027.35
DEPARTMENT OF DEFENSE (DOD),DEPT OF THE AIR FORCE,MATRIX PROVIDERS INC.,FALSE,FALSE,50,15,9622853.290000001
DEPARTMENT OF HEALTH AND HUMAN SERVICES (HHS),INDIAN HEALTH SERVICE,AVERA HEALTH,TRUE,FALSE,50,36,8533804.94
DEPARTMENT OF JUSTICE (DOJ),FEDERAL PRISON SYSTEM / BUREAU OF PRISONS,COMPREHENSIVE HUMAN SERVICES CORPORATION,TRUE,FALSE,45,15,452959.89
DEPARTMENT OF DEFENSE (DOD),DEPT OF THE AIR FORCE,"LUKE & ASSOCIATES, INC.",FALSE,FALSE,42,17,2631324.2199999997
DEPARTMENT OF DEFENSE (DOD),DEPT OF THE NAVY,"LUKE & ASSOCIATES, INC.",FALSE,FALSE,40,12,4728563.16
DEPARTMENT OF DEFENSE (DOD),DEPT OF THE ARMY,MATRIX PROVIDERS INC.,FALSE,FALSE,39,10,3393665.76
DEPARTMENT OF DEFENSE (DOD),DEPT OF THE AIR FORCE,"DECYPHER TECHNOLOGIES, LTD.",FALSE,FALSE,38,16,2645052.32
DEPARTMENT OF JUSTICE (DOJ),FEDERAL PRISON SYSTEM / BUREAU OF PRISONS,MONONGALIA COUNTY GENERAL HOSPITAL COMPANY,TRUE,TRUE,37,21,596054.74
DEPARTMENT OF DEFENSE (DOD),DEPT OF THE NAVY,OMV MEDICAL INC.,FALSE,FALSE,33,9,4945766.32
DEPARTMENT OF DEFENSE (DOD),DEPT OF THE ARMY,"SARATOGA MEDICAL CENTER, INC.",FALSE,FALSE,31,8,5906692.24
DEPARTMENT OF JUSTICE (DOJ),FEDERAL PRISON SYSTEM / BUREAU OF PRISONS,SALEM COMMUNITY HOSPITAL,TRUE,TRUE,31,10,1020834.3799999999
DEPARTMENT OF DEFENSE (DOD),DEPT OF THE AIR FORCE,"DISTINCTIVE HEALTH SPECTRUM CARE JV, LLC",FALSE,FALSE,30,9,4076481.73
DEPARTMENT OF DEFENSE (DOD),DEPT OF THE ARMY,DILLIGAS CORP,FALSE,FALSE,30,7,6449465.4799999995
DEPARTMENT OF DEFENSE (DOD),DEPT OF THE ARMY,"DISTINCTIVE HEALTH SPECTRUM CARE JV, LLC",FALSE,FALSE,30,8,3959909.7
DEPARTMENT OF JUSTICE (DOJ),FEDERAL PRISON SYSTEM / BUREAU OF PRISONS,ST. MARY'S DULUTH CLINIC HEALTH SYSTEM,TRUE,FALSE,30,8,374035.6
DEPARTMENT OF DEFENSE (DOD),DEPT OF THE AIR FORCE,OMV MEDICAL INC.,FALSE,FALSE,28,11,3497303.2199999997
DEPARTMENT OF JUSTICE (DOJ),FEDERAL PRISON SYSTEM / BUREAU OF PRISONS,SPRING VALLEY POST ACUTE LLC,FALSE,TRUE,26,11,427750
DEPARTMENT OF DEFENSE (DOD),DEPT OF THE AIR FORCE,"READIFORCE GOVERNMENT SOLUTIONS, LLC",FALSE,FALSE,24,10,1962288.67
DEPARTMENT OF DEFENSE (DOD),DEPT OF THE ARMY,MAGNIFICUS CORPORATION,FALSE,FALSE,24,8,3431017.52
DEPARTMENT OF DEFENSE (DOD),DEFENSE HEALTH AGENCY (DHA),MATRIX PROVIDERS INC.,FALSE,FALSE,22,4,7804056.4399999995
DEPARTMENT OF JUSTICE (DOJ),FEDERAL PRISON SYSTEM / BUREAU OF PRISONS,PRESTON MEMORIAL HOSPITAL CORPORATION,TRUE,TRUE,21,17,231234.71
DEPARTMENT OF DEFENSE (DOD),DEFENSE HEALTH AGENCY (DHA),"POTOMAC HEALTHCARE SOLUTIONS, LLC",FALSE,FALSE,19,3,10671263.88
DEPARTMENT OF DEFENSE (DOD),DEPT OF THE ARMY,"QUARTERLINE CONSULTING SERVICES, LLC",FALSE,FALSE,19,4,2028844.43
DEPARTMENT OF JUSTICE (DOJ),FEDERAL PRISON SYSTEM / BUREAU OF PRISONS,"UNIVERSITY OF IOWA, THE",FALSE,FALSE,19,10,196282.04
DEPARTMENT OF DEFENSE (DOD),DEPT OF THE AIR FORCE,MAGNIFICUS CORPORATION,FALSE,FALSE,18,12,2422385
DEPARTMENT OF DEFENSE (DOD),DEPT OF THE NAVY,"DONALD L MOONEY ENTERPRISES, LLC",FALSE,FALSE,18,6,591674.2
DEPARTMENT OF JUSTICE (DOJ),FEDERAL PRISON SYSTEM / BUREAU OF PRISONS,MAYO CLINIC HEALTH SYSTEM-SOUTHWEST MINNESOTA REGION,TRUE,TRUE,17,8,72069.54999999999
DEPARTMENT OF DEFENSE (DOD),DEPT OF THE ARMY,"KILI, LLC",FALSE,FALSE,16,3,2042571.46
DEPARTMENT OF DEFENSE (DOD),DEFENSE HEALTH AGENCY (DHA),ANGEL STAFFING INCORPORATED,FALSE,FALSE,15,3,21419453.99
DEPARTMENT OF DEFENSE (DOD),DEPT OF THE AIR FORCE,"AMG HEALTHCARE SERVICES, INC.",FALSE,FALSE,15,4,618189.08
DEPARTMENT OF DEFENSE (DOD),DEPT OF THE ARMY,"QUALITY STAFFING SOLUTIONS, INC.",FALSE,FALSE,15,4,1520003.21
DEPARTMENT OF JUSTICE (DOJ),FEDERAL PRISON SYSTEM / BUREAU OF PRISONS,SACRED HEART HEALTH SERVICES,TRUE,TRUE,15,6,74919.29000000001
DEPARTMENT OF DEFENSE (DOD),DEPT OF THE AIR FORCE,"DONALD L MOONEY ENTERPRISES, LLC",FALSE,FALSE,14,5,3894549.6799999997
DEPARTMENT OF DEFENSE (DOD),DEPT OF THE AIR FORCE,PLATINUM BUSINESS CORPORATION,FALSE,FALSE,14,4,989078.7699999999
DEPARTMENT OF DEFENSE (DOD),DEPT OF THE AIR FORCE,"QUARTERLINE CONSULTING SERVICES, LLC",FALSE,FALSE,14,7,1274651.44
DEPARTMENT OF DEFENSE (DOD),DEFENSE HEALTH AGENCY (DHA),"ARORA GROUP, INC., THE",FALSE,FALSE,13,2,5817141.380000001
DEPARTMENT OF DEFENSE (DOD),DEFENSE HEALTH AGENCY (DHA),GIAMED ALLIANCE JV LLC,FALSE,FALSE,13,3,5574773.35
DEPARTMENT OF DEFENSE (DOD),DEPT OF THE AIR FORCE,"DEPENDABLE HEALTH SERVICES, INC.",FALSE,FALSE,12,5,1703929.33
DEPARTMENT OF JUSTICE (DOJ),FEDERAL PRISON SYSTEM / BUREAU OF PRISONS,ARK-LA-TEX HEALTH NETWORK,FALSE,FALSE,12,12,1011000
DEPARTMENT OF STATE (DOS),"STATE, DEPARTMENT OF",MISCELLANEOUS FOREIGN AWARDEES,FALSE,FALSE,12,9,225482.30000000002
DEPARTMENT OF DEFENSE (DOD),DEPT OF THE AIR FORCE,"CENTRALCARE, INCORPORATED",FALSE,FALSE,11,4,-500010.55
DEPARTMENT OF DEFENSE (DOD),DEPT OF THE AIR FORCE,FEDERAL STAFFING RESOURCES LLC,FALSE,FALSE,11,3,763858.79
DEPARTMENT OF DEFENSE (DOD),DEPT OF THE ARMY,"AKAHI INGENESIS PARTNERS, LLC",FALSE,FALSE,11,2,783560.29
DEPARTMENT OF DEFENSE (DOD),DEPT OF THE ARMY,"DONALD L MOONEY ENTERPRISES, LLC",FALSE,FALSE,11,5,988420.5
DEPARTMENT OF DEFENSE (DOD),DEPT OF THE ARMY,OMV MEDICAL INC.,FALSE,FALSE,11,3,631132.03
DEPARTMENT OF DEFENSE (DOD),DEPT OF THE ARMY,PLATINUM BUSINESS CORPORATION,FALSE,FALSE,11,3,575811.2200000001
DEPARTMENT OF JUSTICE (DOJ),FEDERAL PRISON SYSTEM / BUREAU OF PRISONS,"MERCY MEDICAL CENTER - CLINTON, INC.",TRUE,TRUE,11,3,266536.77
DEPARTMENT OF JUSTICE (DOJ),FEDERAL PRISON SYSTEM / BUREAU OF PRISONS,UNIVERSITY OF KENTUCKY,FALSE,TRUE,11,6,10479376.54
DEPARTMENT OF AGRICULTURE (USDA),ANIMAL AND PLANT HEALTH INSPECTION SERVICE,MARY GREELEY HOMEWARD HOSPICE & ISRAEL,FALSE,TRUE,10,3,55019.21
DEPARTMENT OF DEFENSE (DOD),DEPT OF THE AIR FORCE,"AKAHI INGENESIS PARTNERS, LLC",FALSE,FALSE,10,3,2054818.13
DEPARTMENT OF DEFENSE (DOD),DEPT OF THE AIR FORCE,"ARORA GROUP, INC., THE",FALSE,FALSE,10,3,1798260.13
DEPARTMENT OF DEFENSE (DOD),DEPT OF THE AIR FORCE,"VESA HEALTH & TECHNOLOGY, INC.",FALSE,FALSE,10,4,602900.3
DEPARTMENT OF DEFENSE (DOD),DEPT OF THE ARMY,"CENTRALCARE, INCORPORATED",FALSE,FALSE,10,2,106168.13999999997
DEPARTMENT OF DEFENSE (DOD),DEPT OF THE ARMY,"LOCUM, INC.",FALSE,FALSE,10,2,3115329.4699999997
DEPARTMENT OF DEFENSE (DOD),DEPT OF THE ARMY,"LUKE & ASSOCIATES, INC.",FALSE,FALSE,10,3,168066.76999999993
DEPARTMENT OF HEALTH AND HUMAN SERVICES (HHS),INDIAN HEALTH SERVICE,AMERICAN INDIAN HEALTH & SERVICES,TRUE,FALSE,10,1,1773759
DEPARTMENT OF HEALTH AND HUMAN SERVICES (HHS),INDIAN HEALTH SERVICE,"BAY AREA ANESTHESIA, LLC",FALSE,FALSE,10,4,807618.37
DEPARTMENT OF JUSTICE (DOJ),FEDERAL PRISON SYSTEM / BUREAU OF PRISONS,"J ALLEN AND ASSOCIATES OF TEXAS, LLC",FALSE,FALSE,10,6,268000
DEPARTMENT OF JUSTICE (DOJ),FEDERAL PRISON SYSTEM / BUREAU OF PRISONS,MOOSE LAKE COMMUNITY HOSPITAL DISTRICT,TRUE,TRUE,10,4,-25954.609999999997
DEPARTMENT OF JUSTICE (DOJ),FEDERAL PRISON SYSTEM / BUREAU OF PRISONS,"UNITED HOSPITAL CENTER, INC.",TRUE,TRUE,10,7,413190.39
DEPARTMENT OF DEFENSE (DOD),DEFENSE HEALTH AGENCY (DHA),"DISTINCTIVE HEALTH SPECTRUM CARE JV, LLC",FALSE,FALSE,9,2,8328721.99
DEPARTMENT OF DEFENSE (DOD),DEFENSE HEALTH AGENCY (DHA),FEDERAL STAFFING RESOURCES LLC,FALSE,FALSE,9,1,-451536.89
DEPARTMENT OF DEFENSE (DOD),DEPT OF THE ARMY,"DECYPHER TECHNOLOGIES, LTD.",FALSE,FALSE,9,3,1902465.61
DEPARTMENT OF HEALTH AND HUMAN SERVICES (HHS),INDIAN HEALTH SERVICE,"TRIBAL EM, PLLC",FALSE,FALSE,9,5,22110069.099999998
DEPARTMENT OF JUSTICE (DOJ),FEDERAL PRISON SYSTEM / BUREAU OF PRISONS,"NORTHSTAR ANESTHESIA OF WEST VIRGINIA, PLLC",FALSE,FALSE,9,6,27445.3
DEPARTMENT OF DEFENSE (DOD),DEFENSE HEALTH AGENCY (DHA),"DONALD L MOONEY ENTERPRISES, LLC",FALSE,FALSE,8,1,-1119952.06
DEPARTMENT OF DEFENSE (DOD),DEPT OF THE AIR FORCE,"KATMAI HEALTH SERVICES, LLC",FALSE,FALSE,8,1,14094978.120000001
DEPARTMENT OF DEFENSE (DOD),DEPT OF THE AIR FORCE,"SARATOGA MEDICAL CENTER, INC.",FALSE,FALSE,8,3,247006.47999999998
DEPARTMENT OF DEFENSE (DOD),DEPT OF THE ARMY,"SILOTECH GROUP, INC",FALSE,FALSE,8,2,-49225.280000000006
DEPARTMENT OF JUSTICE (DOJ),FEDERAL PRISON SYSTEM / BUREAU OF PRISONS,"PARKVIEW MEDICAL CENTER, INC.",TRUE,TRUE,8,6,-124995
DEPARTMENT OF JUSTICE (DOJ),FEDERAL PRISON SYSTEM / BUREAU OF PRISONS,WELLMONT HEALTH SYSTEM,TRUE,TRUE,8,8,260992.03
DEPARTMENT OF DEFENSE (DOD),DEPT OF THE AIR FORCE,DILLIGAS CORP,FALSE,FALSE,7,3,554911.23
DEPARTMENT OF DEFENSE (DOD),DEPT OF THE AIR FORCE,GIAMED ALLIANCE JV LLC,FALSE,FALSE,7,2,1086395.42
DEPARTMENT OF DEFENSE (DOD),DEPT OF THE AIR FORCE,"GLOBAL CONSULTING INTERNATIONAL, INC.",FALSE,FALSE,7,2,1328915.7
DEPARTMENT OF JUSTICE (DOJ),FEDERAL PRISON SYSTEM / BUREAU OF PRISONS,PEKIN MEMORIAL HOSPITAL,TRUE,TRUE,7,4,172517.18
DEPARTMENT OF JUSTICE (DOJ),U.S. MARSHALS SERVICE,"JOHNS HOPKINS UNIVERSITY, THE",TRUE,FALSE,7,1,-8664.98
DEPARTMENT OF DEFENSE (DOD),DEFENSE HEALTH AGENCY (DHA),"AMG HEALTHCARE SERVICES, INC.",FALSE,FALSE,6,1,1041049.5499999999
DEPARTMENT OF DEFENSE (DOD),DEFENSE HEALTH AGENCY (DHA),"DECYPHER TECHNOLOGIES, LTD.",FALSE,FALSE,6,1,1042892.2699999999
DEPARTMENT OF DEFENSE (DOD),DEFENSE HEALTH AGENCY (DHA),OMV MEDICAL INC.,FALSE,FALSE,6,3,2573842.8000000003
DEPARTMENT OF DEFENSE (DOD),DEFENSE HEALTH AGENCY (DHA),"ROYSTER GROUP, INC., THE",FALSE,FALSE,6,1,3204549.33
DEPARTMENT OF DEFENSE (DOD),DEFENSE HEALTH AGENCY (DHA),"VESA HEALTH & TECHNOLOGY, INC.",FALSE,FALSE,6,1,1170624.8199999998
DEPARTMENT OF DEFENSE (DOD),DEPT OF THE ARMY,"DEPENDABLE HEALTH SERVICES, INC.",FALSE,FALSE,6,2,208248.32999999996
DEPARTMENT OF DEFENSE (DOD),DEPT OF THE ARMY,"ENTERPRISE RESOURCE PLANNING INTERNATIONAL, LLC",FALSE,FALSE,6,3,1830568.8
DEPARTMENT OF DEFENSE (DOD),DEPT OF THE ARMY,"FRONTLINE NATIONAL, LLC",FALSE,FALSE,6,1,350620.93999999994
DEPARTMENT OF DEFENSE (DOD),DEPT OF THE ARMY,"SPECTRUM SERVICES GROUP, INC",FALSE,FALSE,6,1,136058.4
DEPARTMENT OF DEFENSE (DOD),DEPT OF THE ARMY,"UNIVERSITY OF VERMONT MEDICAL CENTER INC., THE",TRUE,TRUE,6,4,-5137.5199999999995
DEPARTMENT OF HEALTH AND HUMAN SERVICES (HHS),NATIONAL INSTITUTES OF HEALTH,"CONCENTRIC METHODS, LLC",FALSE,FALSE,6,1,3265096
DEPARTMENT OF HEALTH AND HUMAN SERVICES (HHS),NATIONAL INSTITUTES OF HEALTH,"SUBURBAN HOSPITAL, INC",TRUE,TRUE,6,4,1534722.43
DEPARTMENT OF JUSTICE (DOJ),FEDERAL PRISON SYSTEM / BUREAU OF PRISONS,"METHODIST MEDICAL CENTER OF ILLINOIS, THE",TRUE,TRUE,6,3,502654.3
DEPARTMENT OF JUSTICE (DOJ),FEDERAL PRISON SYSTEM / BUREAU OF PRISONS,OSF HEALTHCARE SYSTEM,TRUE,TRUE,6,4,467045.01
DEPARTMENT OF JUSTICE (DOJ),U.S. MARSHALS SERVICE,"CORRECT CARE OF SOUTH CAROLINA, LLC",FALSE,TRUE,6,2,2788558.5300000003
DEPARTMENT OF STATE (DOS),"STATE, DEPARTMENT OF","CHS MIDDLE EAST, LLC",FALSE,FALSE,6,4,-1036943.81
DEPARTMENT OF DEFENSE (DOD),DEFENSE HEALTH AGENCY (DHA),MAGNIFICUS CORPORATION,FALSE,FALSE,5,1,2868455.1799999997
DEPARTMENT OF DEFENSE (DOD),DEFENSE HEALTH AGENCY (DHA),"SARATOGA MEDICAL CENTER, INC.",FALSE,FALSE,5,1,1973222.4000000001
DEPARTMENT OF DEFENSE (DOD),DEPT OF THE AIR FORCE,"SPECTRUM SERVICES GROUP, INC",FALSE,FALSE,5,4,-19122.00000000001
DEPARTMENT OF DEFENSE (DOD),DEPT OF THE ARMY,"CONCENTRIC METHODS, LLC",FALSE,FALSE,5,1,143059.30000000002
DEPARTMENT OF DEFENSE (DOD),DEPT OF THE ARMY,"DISTINCTIVE SPECTRUM MILITARY HEALTHCARE JOINT VENTURE, LLC",FALSE,FALSE,5,4,2284840.0700000003
DEPARTMENT OF DEFENSE (DOD),DEPT OF THE ARMY,"EAGLE HEALTH, LLC",FALSE,FALSE,5,1,1270335.98
DEPARTMENT OF DEFENSE (DOD),DEPT OF THE ARMY,FEDERAL STAFFING RESOURCES LLC,FALSE,FALSE,5,2,-190881.51999999996
DEPARTMENT OF DEFENSE (DOD),DEPT OF THE NAVY,GIAMED ALLIANCE JV LLC,FALSE,FALSE,5,1,24703.980000000003
DEPARTMENT OF HEALTH AND HUMAN SERVICES (HHS),INDIAN HEALTH SERVICE,"NATIVE AMERICAN LIFELINES, INC.",TRUE,FALSE,5,1,949672
DEPARTMENT OF HOMELAND SECURITY (DHS),FEDERAL EMERGENCY MANAGEMENT AGENCY,GENTLE TOUCH LABS COMPANY,FALSE,FALSE,5,1,71459.25
DEPARTMENT OF JUSTICE (DOJ),FEDERAL PRISON SYSTEM / BUREAU OF PRISONS,ESSENTIA HEALTH MOOSE LAKE,TRUE,TRUE,5,2,25888.46
DEPARTMENT OF JUSTICE (DOJ),FEDERAL PRISON SYSTEM / BUREAU OF PRISONS,MAYO CLINIC HEALTH SYSTEM-SOUTHEAST MINNESOTA REGION,TRUE,TRUE,5,3,-20494.57
DEPARTMENT OF THE TREASURY (TREAS),INTERNAL REVENUE SERVICE,"KATMAI HEALTH SERVICES, LLC",FALSE,FALSE,5,1,11271.89
DEPARTMENT OF DEFENSE (DOD),DEFENSE HEALTH AGENCY (DHA),CATALYST PROFESSIONAL SERVICES INC.,FALSE,FALSE,4,1,2155759.15
DEPARTMENT OF DEFENSE (DOD),DEFENSE HEALTH AGENCY (DHA),DILLIGAS CORP,FALSE,FALSE,4,1,3788459.0300000003
DEPARTMENT OF DEFENSE (DOD),DEFENSE HEALTH AGENCY (DHA),RIELES GROUP LLC,FALSE,FALSE,4,1,1842381.6
DEPARTMENT OF DEFENSE (DOD),DEPT OF THE AIR FORCE,"FRONTLINE NATIONAL, LLC",FALSE,FALSE,4,1,-53152.41
DEPARTMENT OF DEFENSE (DOD),DEPT OF THE ARMY,"ARORA GROUP, INC., THE",FALSE,FALSE,4,1,1517171.2
DEPARTMENT OF DEFENSE (DOD),DEPT OF THE ARMY,EAGLE GLOBAL SCIENTIFIC LLC,FALSE,FALSE,4,1,-899507.16
DEPARTMENT OF DEFENSE (DOD),DEPT OF THE ARMY,"MAGNUM OPUS TECHNOLOGIES, INC",FALSE,FALSE,4,2,-817902.23
DEPARTMENT OF DEFENSE (DOD),DEPT OF THE ARMY,RD STAFFCO INC.,FALSE,FALSE,4,1,395084.3
DEPARTMENT OF DEFENSE (DOD),DEPT OF THE ARMY,SERVEFED INC.,FALSE,FALSE,4,1,1778632.25
DEPARTMENT OF DEFENSE (DOD),DEPT OF THE ARMY,"SPECIALTYCARE IOM SERVICES, LLC",FALSE,FALSE,4,1,177500
DEPARTMENT OF DEFENSE (DOD),DEPT OF THE ARMY,"WISESTAFF, LLC",FALSE,FALSE,4,1,-256861.61
DEPARTMENT OF HEALTH AND HUMAN SERVICES (HHS),CENTERS FOR DISEASE CONTROL AND PREVENTION,VANDERBILT UNIVERSITY MEDICAL CENTER,TRUE,TRUE,4,2,4821941.92
DEPARTMENT OF HEALTH AND HUMAN SERVICES (HHS),NATIONAL INSTITUTES OF HEALTH,"MEDSTAR HEALTH RESEARCH INSTITUTE, INC.",TRUE,FALSE,4,3,782205.08
DEPARTMENT OF JUSTICE (DOJ),FEDERAL PRISON SYSTEM / BUREAU OF PRISONS,BARNES-JEWISH HOSPITAL,TRUE,TRUE,4,4,-318252.47000000003
DEPARTMENT OF JUSTICE (DOJ),FEDERAL PRISON SYSTEM / BUREAU OF PRISONS,"CORRECTIONAL HEALTHCARE COMPANIES, LLC",FALSE,FALSE,4,4,-74101.54
DEPARTMENT OF JUSTICE (DOJ),FEDERAL PRISON SYSTEM / BUREAU OF PRISONS,"QUALITY SURGICENTER, L.L.C.",FALSE,FALSE,4,3,134685.35
DEPARTMENT OF DEFENSE (DOD),DEFENSE HEALTH AGENCY (DHA),"CENTRALCARE, INCORPORATED",FALSE,FALSE,3,2,8853267.690000001
DEPARTMENT OF DEFENSE (DOD),DEFENSE HEALTH AGENCY (DHA),"LUKE & ASSOCIATES, INC.",FALSE,FALSE,3,1,286435.2
DEPARTMENT OF DEFENSE (DOD),DEPT OF THE AIR FORCE,"ALIRON INTERNATIONAL, INC.",FALSE,FALSE,3,2,131816.05
DEPARTMENT OF DEFENSE (DOD),DEPT OF THE AIR FORCE,"CHENEGA HEALTHCARE SERVICES, LLC",FALSE,FALSE,3,1,126037.88
DEPARTMENT OF DEFENSE (DOD),DEPT OF THE AIR FORCE,"POTOMAC HEALTHCARE SOLUTIONS, LLC",FALSE,FALSE,3,2,498462.33
DEPARTMENT OF DEFENSE (DOD),DEPT OF THE AIR FORCE,"ROYSTER GROUP, INC., THE",FALSE,FALSE,3,1,-110848
DEPARTMENT OF DEFENSE (DOD),DEPT OF THE ARMY,"PROSPERITUS SOLUTIONS, LLC",FALSE,FALSE,3,1,1070305.25
DEPARTMENT OF DEFENSE (DOD),DEPT OF THE NAVY,"AKAHI INGENESIS PARTNERS, LLC",FALSE,FALSE,3,1,-66520.27
DEPARTMENT OF DEFENSE (DOD),DEPT OF THE NAVY,"CANNADY, JAMIE F",FALSE,FALSE,3,1,-10359.21
DEPARTMENT OF DEFENSE (DOD),DEPT OF THE NAVY,"DONALD L. MOONEY ENTERPRISES, LLC",FALSE,FALSE,3,2,-88513.61
DEPARTMENT OF DEFENSE (DOD),DEPT OF THE NAVY,"GIAMED RESOURCES, JV LLC",FALSE,FALSE,3,1,-118012.22
DEPARTMENT OF HEALTH AND HUMAN SERVICES (HHS),CENTERS FOR DISEASE CONTROL AND PREVENTION,"CHILDREN'S HOSPITAL OF PHILADELPHIA, THE",TRUE,TRUE,3,2,478658
DEPARTMENT OF HEALTH AND HUMAN SERVICES (HHS),CENTERS FOR DISEASE CONTROL AND PREVENTION,MARSHFIELD CLINIC,TRUE,FALSE,3,2,25393498
DEPARTMENT OF HEALTH AND HUMAN SERVICES (HHS),CENTERS FOR DISEASE CONTROL AND PREVENTION,RUSH UNIVERSITY MEDICAL CENTER,TRUE,TRUE,3,2,14169005.42
DEPARTMENT OF HEALTH AND HUMAN SERVICES (HHS),INDIAN HEALTH SERVICE,BAKERSFIELD AMERICAN INDIAN HEALTH PROJECT,TRUE,FALSE,3,1,714306
DEPARTMENT OF HEALTH AND HUMAN SERVICES (HHS),INDIAN HEALTH SERVICE,CATHOLIC HEALTHCARE WEST,TRUE,FALSE,3,3,-25461.75
DEPARTMENT OF HEALTH AND HUMAN SERVICES (HHS),NATIONAL INSTITUTES OF HEALTH,"JOHNS HOPKINS UNIVERSITY, THE",TRUE,FALSE,3,1,428577
DEPARTMENT OF HEALTH AND HUMAN SERVICES (HHS),NATIONAL INSTITUTES OF HEALTH,KAISER FOUNDATION HOSPITALS,TRUE,TRUE,3,2,296705
DEPARTMENT OF HEALTH AND HUMAN SERVICES (HHS),NATIONAL INSTITUTES OF HEALTH,UNIVERSITY OF MARYLAND MEDICAL SYSTEM CORPORATION,TRUE,TRUE,3,3,314446
DEPARTMENT OF JUSTICE (DOJ),FEDERAL PRISON SYSTEM / BUREAU OF PRISONS,"CORRECTIONAL HEALTH SERVICES CORPORATION, INC.",TRUE,FALSE,3,3,-1998.64
DEPARTMENT OF JUSTICE (DOJ),FEDERAL PRISON SYSTEM / BUREAU OF PRISONS,"HEALTH & HUMAN SERVICES, NORTH CAROLINA DEPARTMENT OF",FALSE,FALSE,3,1,-33400
DEPARTMENT OF DEFENSE (DOD),DEFENSE HEALTH AGENCY (DHA),PLATINUM BUSINESS CORPORATION,FALSE,FALSE,2,1,58833.36
DEPARTMENT OF DEFENSE (DOD),DEPT OF THE AIR FORCE,CATALYST PROFESSIONAL SERVICES INC.,FALSE,FALSE,2,1,76503.2
DEPARTMENT OF DEFENSE (DOD),DEPT OF THE AIR FORCE,"CONCENTRIC METHODS, LLC",FALSE,FALSE,2,1,127872
DEPARTMENT OF DEFENSE (DOD),DEPT OF THE AIR FORCE,"EMERGE SOLUTIONS GROUP, LLC",FALSE,FALSE,2,1,-4130.8
DEPARTMENT OF DEFENSE (DOD),DEPT OF THE AIR FORCE,"FIDELITY PARTNERS MEDICAL STAFFING, LLC",FALSE,FALSE,2,1,-60624.57
DEPARTMENT OF DEFENSE (DOD),DEPT OF THE AIR FORCE,"GIACARE, INC.",FALSE,FALSE,2,1,-80647.02
DEPARTMENT OF DEFENSE (DOD),DEPT OF THE AIR FORCE,MAXMED HEALTHCARE INC,FALSE,FALSE,2,1,1262820
DEPARTMENT OF DEFENSE (DOD),DEPT OF THE AIR FORCE,MEDICAL NORTH AMERICA JV,FALSE,FALSE,2,2,-62637.89
DEPARTMENT OF DEFENSE (DOD),DEPT OF THE AIR FORCE,SA SOLUTIONS INC.,FALSE,FALSE,2,1,13289.019999999999
DEPARTMENT OF DEFENSE (DOD),DEPT OF THE ARMY,DAR AL SHIFA HOSPITAL,FALSE,TRUE,2,1,142008.5
DEPARTMENT OF DEFENSE (DOD),DEPT OF THE ARMY,HADI CLINIC,FALSE,FALSE,2,2,181396.54
DEPARTMENT OF DEFENSE (DOD),DEPT OF THE ARMY,INTERNATIONAL HEALTH CLINIC SERVICES KSC,FALSE,FALSE,2,1,0
DEPARTMENT OF DEFENSE (DOD),DEPT OF THE ARMY,MAINEHEALTH,TRUE,TRUE,2,1,873244
DEPARTMENT OF DEFENSE (DOD),DEPT OF THE ARMY,"POTOMAC HEALTHCARE SOLUTIONS, LLC",FALSE,FALSE,2,1,-1558453.17
DEPARTMENT OF DEFENSE (DOD),DEPT OF THE ARMY,"READIFORCE GOVERNMENT SOLUTIONS, LLC",FALSE,FALSE,2,2,100108.8
DEPARTMENT OF DEFENSE (DOD),DEPT OF THE NAVY,"DECYPHER TECHNOLOGIES, LTD.",FALSE,FALSE,2,1,0
DEPARTMENT OF DEFENSE (DOD),DEPT OF THE NAVY,MATRIX PROVIDERS INC.,FALSE,FALSE,2,1,713875.2
DEPARTMENT OF DEFENSE (DOD),DEPT OF THE NAVY,"MUNICIPAL EMERGENCY SERVICES, INC.",FALSE,FALSE,2,1,46673.9
DEPARTMENT OF HEALTH AND HUMAN SERVICES (HHS),CENTERS FOR DISEASE CONTROL AND PREVENTION,"POUDRE VALLEY HEALTH CARE, INC.",TRUE,TRUE,2,2,-32099
DEPARTMENT OF HEALTH AND HUMAN SERVICES (HHS),CENTERS FOR DISEASE CONTROL AND PREVENTION,SEATTLE CHILDREN'S HOSPITAL,TRUE,TRUE,2,1,1350701
DEPARTMENT OF HEALTH AND HUMAN SERVICES (HHS),INDIAN HEALTH SERVICE,"AHS CLAREMORE REGIONAL HOSPITAL, LLC",FALSE,TRUE,2,2,-173936.28
DEPARTMENT OF HEALTH AND HUMAN SERVICES (HHS),INDIAN HEALTH SERVICE,NURSES PLUS HEALTH CARE LLC,FALSE,FALSE,2,2,-1089.27
DEPARTMENT OF HEALTH AND HUMAN SERVICES (HHS),INDIAN HEALTH SERVICE,OKLAHOMA STATE UNIVERSITY MEDICAL TRUST,FALSE,TRUE,2,2,-68419.48
DEPARTMENT OF HEALTH AND HUMAN SERVICES (HHS),INDIAN HEALTH SERVICE,"SOUTHWEST HEALTH SYSTEM, INC.",TRUE,TRUE,2,2,-5333.5
DEPARTMENT OF HEALTH AND HUMAN SERVICES (HHS),INDIAN HEALTH SERVICE,WINNEBAGO COMPREHENSIVE HEALTHCARE SYSTEM,FALSE,TRUE,2,1,2200000
DEPARTMENT OF HEALTH AND HUMAN SERVICES (HHS),NATIONAL INSTITUTES OF HEALTH,CHILDREN'S NATIONAL MEDICAL CENTER,TRUE,TRUE,2,2,173482
DEPARTMENT OF HEALTH AND HUMAN SERVICES (HHS),NATIONAL INSTITUTES OF HEALTH,INOVA HEALTH CARE SERVICES,TRUE,TRUE,2,2,-20946.38
DEPARTMENT OF HEALTH AND HUMAN SERVICES (HHS),OFFICE OF ASSISTANT SECRETARY FOR PREPAREDNESS AND RESPONSE,SUREWERX USA INC.,FALSE,FALSE,2,1,31014280
DEPARTMENT OF JUSTICE (DOJ),FEDERAL BUREAU OF INVESTIGATION,PROVIDENCE HEALTH & SERVICES-WASHINGTON,TRUE,TRUE,2,2,4800
DEPARTMENT OF JUSTICE (DOJ),FEDERAL PRISON SYSTEM / BUREAU OF PRISONS,ALLEGHENY GENERAL HOSPITAL INC,TRUE,TRUE,2,1,181285.22
DEPARTMENT OF JUSTICE (DOJ),FEDERAL PRISON SYSTEM / BUREAU OF PRISONS,"CORRECTIONAL HEALTHCARE COMPANIES, INC.",FALSE,FALSE,2,2,-34262.41
DEPARTMENT OF JUSTICE (DOJ),FEDERAL PRISON SYSTEM / BUREAU OF PRISONS,"GYNECOLOGY AND OBSTETRICS ASSOCIATES OF TALLAHASSEE, PLLC",FALSE,FALSE,2,2,11785.96
DEPARTMENT OF JUSTICE (DOJ),FEDERAL PRISON SYSTEM / BUREAU OF PRISONS,"KENTUCKY MEDICAL SERVICES FOUNDATION, INC.",TRUE,FALSE,2,2,177458.07
DEPARTMENT OF JUSTICE (DOJ),FEDERAL PRISON SYSTEM / BUREAU OF PRISONS,MORRISON COMMUNITY HOSPITAL,FALSE,TRUE,2,1,27447.95
DEPARTMENT OF JUSTICE (DOJ),FEDERAL PRISON SYSTEM / BUREAU OF PRISONS,MOUNTAIN STATES HEALTH ALLIANCE,TRUE,TRUE,2,2,109892
DEPARTMENT OF JUSTICE (DOJ),FEDERAL PRISON SYSTEM / BUREAU OF PRISONS,PROCTOR HOSPITAL,TRUE,TRUE,2,2,-240522.42
DEPARTMENT OF JUSTICE (DOJ),FEDERAL PRISON SYSTEM / BUREAU OF PRISONS,"SOLIANT PHYSICIAN STAFFING, LLC",FALSE,FALSE,2,1,49968.05
DEPARTMENT OF JUSTICE (DOJ),FEDERAL PRISON SYSTEM / BUREAU OF PRISONS,UNITED SUPPLY ALLIANCE LLC,FALSE,FALSE,2,1,-24402
DEPARTMENT OF JUSTICE (DOJ),FEDERAL PRISON SYSTEM / BUREAU OF PRISONS,UNIVERSITY OF PITTSBURGH PHYSICIANS,TRUE,FALSE,2,1,29790
AGENCY FOR INTERNATIONAL DEVELOPMENT (USAID),AGENCY FOR INTERNATIONAL DEVELOPMENT,DOMESTIC AWARDEES (UNDISCLOSED),FALSE,FALSE,1,1,0
CONSUMER PRODUCT SAFETY COMMISSION (CPSC),CONSUMER PRODUCT SAFETY COMMISSION,DECATUR MEMORIAL HOSPITAL,TRUE,TRUE,1,1,-580.75
DEPARTMENT OF AGRICULTURE (USDA),AGRICULTURAL RESEARCH SERVICE,"VIA CHRISTI HOSPITAL MANHATTAN, INC.",TRUE,TRUE,1,1,2646
DEPARTMENT OF AGRICULTURE (USDA),FOREST SERVICE,PROVIDENCE HOOD RIVER MEMORIAL HOSPITAL,TRUE,TRUE,1,1,-98
DEPARTMENT OF DEFENSE (DOD),DEFENSE HEALTH AGENCY (DHA),BAYLIS MEDICALE CIE INC,FALSE,FALSE,1,1,25100
DEPARTMENT OF DEFENSE (DOD),DEFENSE HEALTH AGENCY (DHA),"CADSTER I, LLC",FALSE,FALSE,1,1,-250130.44
DEPARTMENT OF DEFENSE (DOD),DEFENSE HEALTH AGENCY (DHA),"CRW AND ASSOCIATES, LLC",FALSE,FALSE,1,1,-23543.44
DEPARTMENT OF DEFENSE (DOD),DEFENSE HEALTH AGENCY (DHA),HEALTHCARE SERVICES OF NORTH AMERICA JV,FALSE,FALSE,1,1,-880444.17
DEPARTMENT OF DEFENSE (DOD),DEFENSE HEALTH AGENCY (DHA),"MEDSTAR-GEORGETOWN MEDICAL CENTER, INC.",TRUE,TRUE,1,1,9597.95
DEPARTMENT OF DEFENSE (DOD),DEFENSE HEALTH AGENCY (DHA),"SPECTRUM SERVICES GROUP, INC",FALSE,FALSE,1,1,-5833.58
DEPARTMENT OF DEFENSE (DOD),DEFENSE HEALTH AGENCY (DHA),TELEFLEX MEDICAL INCORPORATED,FALSE,FALSE,1,1,10650
DEPARTMENT OF DEFENSE (DOD),DEPT OF THE AIR FORCE,ANGEL STAFFING INCORPORATED,FALSE,FALSE,1,1,91910.4
DEPARTMENT OF DEFENSE (DOD),DEPT OF THE AIR FORCE,APPDDICTION STUDIO LLC,FALSE,FALSE,1,1,-162690.34
DEPARTMENT OF DEFENSE (DOD),DEPT OF THE AIR FORCE,"HEALTHCARE RESOURCE NETWORK, LLC",FALSE,FALSE,1,1,-100174.38
DEPARTMENT OF DEFENSE (DOD),DEPT OF THE AIR FORCE,"LOCUM, INC.",FALSE,FALSE,1,1,438240
DEPARTMENT OF DEFENSE (DOD),DEPT OF THE AIR FORCE,LOYAL SOURCE GOVERNMENT SERVICES LLC,FALSE,FALSE,1,1,-64886.11
DEPARTMENT OF DEFENSE (DOD),DEPT OF THE AIR FORCE,"QUALITY STAFFING SOLUTIONS, INC.",FALSE,FALSE,1,1,10444.8
DEPARTMENT OF DEFENSE (DOD),DEPT OF THE AIR FORCE,SERVEFED INC.,FALSE,FALSE,1,1,461937.2
DEPARTMENT OF DEFENSE (DOD),DEPT OF THE ARMY,AL SEEF HOSPITAL,FALSE,TRUE,1,1,0
DEPARTMENT OF DEFENSE (DOD),DEPT OF THE ARMY,CADUCEUS HEALTHCARE INC,FALSE,FALSE,1,1,-12400.32
DEPARTMENT OF DEFENSE (DOD),DEPT OF THE ARMY,CHENEGA SUPPORT SERVICES LLC,FALSE,FALSE,1,1,-12594.95
DEPARTMENT OF DEFENSE (DOD),DEPT OF THE ARMY,"CHEROKEE NATION HEALTHCARE SERVICES, L.L.C.",FALSE,FALSE,1,1,381728
DEPARTMENT OF DEFENSE (DOD),DEPT OF THE ARMY,"COLORADO LABORATORY SERVICES, LLC",FALSE,FALSE,1,1,-1274.46
DEPARTMENT OF DEFENSE (DOD),DEPT OF THE ARMY,FISHER SCIENTIFIC COMPANY L.L.C.,FALSE,FALSE,1,1,-5198.82
DEPARTMENT OF DEFENSE (DOD),DEPT OF THE ARMY,"GCP, INC.",FALSE,FALSE,1,1,-5817.44
DEPARTMENT OF DEFENSE (DOD),DEPT OF THE ARMY,"INGENESIS ARORA STAFFING, LLC",FALSE,FALSE,1,1,-10253.69
DEPARTMENT OF DEFENSE (DOD),DEPT OF THE ARMY,NETRONIX INC,FALSE,FALSE,1,1,3960
DEPARTMENT OF DEFENSE (DOD),DEPT OF THE ARMY,SAMA MEDICAL SERVICES CO WLL,FALSE,TRUE,1,1,0
DEPARTMENT OF DEFENSE (DOD),DEPT OF THE NAVY,ADVANCED STERILIZATION PRODUCTS ITALIA SRL,FALSE,FALSE,1,1,22592.3
DEPARTMENT OF DEFENSE (DOD),DEPT OF THE NAVY,AMERICAN HOSPITAL SERVICES GROUP LLC,FALSE,FALSE,1,1,-23232.6
DEPARTMENT OF DEFENSE (DOD),DEPT OF THE NAVY,CAROLYN MADDOX,FALSE,FALSE,1,1,-17328
DEPARTMENT OF DEFENSE (DOD),DEPT OF THE NAVY,"CHAMPOUX, TIFFANY A.",FALSE,TRUE,1,1,-34272
DEPARTMENT OF DEFENSE (DOD),DEPT OF THE NAVY,DILLIGAS CORP,FALSE,FALSE,1,1,0
DEPARTMENT OF DEFENSE (DOD),DEPT OF THE NAVY,JOANN BONCATO,FALSE,FALSE,1,1,-45026
DEPARTMENT OF DEFENSE (DOD),DEPT OF THE NAVY,LOYAL SOURCE GOVERNMENT SERVICES LLC,FALSE,FALSE,1,1,-150925.08
DEPARTMENT OF DEFENSE (DOD),DEPT OF THE NAVY,"PAP, MONA L",FALSE,FALSE,1,1,35496
DEPARTMENT OF DEFENSE (DOD),DEPT OF THE NAVY,"UECKER, NATALIE IRENE",FALSE,FALSE,1,1,58464
DEPARTMENT OF DEFENSE (DOD),DEPT OF THE NAVY,"VESA HEALTH & TECHNOLOGY, INC.",FALSE,FALSE,1,1,-101050.17
DEPARTMENT OF HEALTH AND HUMAN SERVICES (HHS),CENTERS FOR DISEASE CONTROL AND PREVENTION,ALLEGHENY-SINGER RESEARCH INSTITUTE,TRUE,TRUE,1,1,349500
DEPARTMENT OF HEALTH AND HUMAN SERVICES (HHS),CENTERS FOR DISEASE CONTROL AND PREVENTION,DENVER HEALTH AND HOSPITALS AUTHORITY,FALSE,TRUE,1,1,65283
DEPARTMENT OF HEALTH AND HUMAN SERVICES (HHS),CENTERS FOR DISEASE CONTROL AND PREVENTION,EMORY UNIVERSITY,TRUE,FALSE,1,1,1663669.04
DEPARTMENT OF HEALTH AND HUMAN SERVICES (HHS),CENTERS FOR DISEASE CONTROL AND PREVENTION,"ENVIRONMENTAL & MEDICAL GAS SERVICES, INC.",FALSE,FALSE,1,1,6600
DEPARTMENT OF HEALTH AND HUMAN SERVICES (HHS),CENTERS FOR DISEASE CONTROL AND PREVENTION,PROVIDENCE HEALTH & SERVICES-WASHINGTON,TRUE,TRUE,1,1,149449
DEPARTMENT OF HEALTH AND HUMAN SERVICES (HHS),CENTERS FOR DISEASE CONTROL AND PREVENTION,SOCIEDAD ESPANOLA DE AUXILIO MUTUO Y BENEFICENCIA DE PUERTO RICO,TRUE,TRUE,1,1,36000
DEPARTMENT OF HEALTH AND HUMAN SERVICES (HHS),CENTERS FOR DISEASE CONTROL AND PREVENTION,"VOYAGER MEDICAL SUPPLY, LLC",FALSE,FALSE,1,1,222067.5
DEPARTMENT OF HEALTH AND HUMAN SERVICES (HHS),FOOD AND DRUG ADMINISTRATION,ALLIANCE NCTN FOUNDATION,TRUE,FALSE,1,1,1502158
DEPARTMENT OF HEALTH AND HUMAN SERVICES (HHS),FOOD AND DRUG ADMINISTRATION,"CHILDREN'S HOSPITAL OF PHILADELPHIA, THE",TRUE,TRUE,1,1,347335
DEPARTMENT OF HEALTH AND HUMAN SERVICES (HHS),INDIAN HEALTH SERVICE,"AHS OKLAHOMA HEART, LLC",FALSE,FALSE,1,1,-5590.94
DEPARTMENT OF HEALTH AND HUMAN SERVICES (HHS),INDIAN HEALTH SERVICE,FIRST NATIONS COMMUNITY HEALTH SOURCE INC,TRUE,FALSE,1,1,-20848
DEPARTMENT OF HEALTH AND HUMAN SERVICES (HHS),INDIAN HEALTH SERVICE,"HILL-ROM, INC.",FALSE,FALSE,1,1,18966.82
DEPARTMENT OF HEALTH AND HUMAN SERVICES (HHS),INDIAN HEALTH SERVICE,HOLDENVILLE HOSPITAL AUTHORITY,FALSE,TRUE,1,1,50000
DEPARTMENT OF HEALTH AND HUMAN SERVICES (HHS),INDIAN HEALTH SERVICE,MARICOPA COUNTY SPECIAL HEALTH CARE DISTRICT,FALSE,TRUE,1,1,-2287.5
DEPARTMENT OF HEALTH AND HUMAN SERVICES (HHS),INDIAN HEALTH SERVICE,NIAGARA FALLS MEMORIAL MEDICAL CENTER INC,TRUE,TRUE,1,1,352639
DEPARTMENT OF HEALTH AND HUMAN SERVICES (HHS),INDIAN HEALTH SERVICE,"ONRAD, INC.",FALSE,FALSE,1,1,-124747
DEPARTMENT OF HEALTH AND HUMAN SERVICES (HHS),INDIAN HEALTH SERVICE,TRINITY HEALTH,TRUE,TRUE,1,1,130000
DEPARTMENT OF HEALTH AND HUMAN SERVICES (HHS),INDIAN HEALTH SERVICE,UNIVERSITY PHYSICIANS HEALTHCARE,TRUE,TRUE,1,1,-18308
DEPARTMENT OF HEALTH AND HUMAN SERVICES (HHS),INDIAN HEALTH SERVICE,WINSLOW INDIAN HEALTHCARE CENTER,FALSE,TRUE,1,1,-2375
DEPARTMENT OF HEALTH AND HUMAN SERVICES (HHS),NATIONAL INSTITUTES OF HEALTH,"BRIGHAM AND WOMEN'S HOSPITAL, INC., THE",TRUE,TRUE,1,1,21000
DEPARTMENT OF HEALTH AND HUMAN SERVICES (HHS),NATIONAL INSTITUTES OF HEALTH,CENTRE HOSPITALIER REGIONAL,TRUE,TRUE,1,1,19820
DEPARTMENT OF HEALTH AND HUMAN SERVICES (HHS),NATIONAL INSTITUTES OF HEALTH,"EAGLE HEALTH, LLC",FALSE,FALSE,1,1,-1275567.88
DEPARTMENT OF HEALTH AND HUMAN SERVICES (HHS),NATIONAL INSTITUTES OF HEALTH,"HARBOR HOSPITAL CENTER, INC",TRUE,TRUE,1,1,117711.36
DEPARTMENT OF HEALTH AND HUMAN SERVICES (HHS),NATIONAL INSTITUTES OF HEALTH,"HARBOR HOSPITAL, INC.",TRUE,TRUE,1,1,29618.5
DEPARTMENT OF HEALTH AND HUMAN SERVICES (HHS),NATIONAL INSTITUTES OF HEALTH,"JOHNS HOPKINS BAYVIEW MEDICAL CENTER, INC.",TRUE,TRUE,1,1,-227377.78
DEPARTMENT OF HEALTH AND HUMAN SERVICES (HHS),NATIONAL INSTITUTES OF HEALTH,MED STAR HEALTH RESEARCH INSTITUTE,TRUE,FALSE,1,1,-283811.3
DEPARTMENT OF HEALTH AND HUMAN SERVICES (HHS),NATIONAL INSTITUTES OF HEALTH,MONUMENT MEDICAL INCORPORATED,FALSE,FALSE,1,1,16010
DEPARTMENT OF HEALTH AND HUMAN SERVICES (HHS),NATIONAL INSTITUTES OF HEALTH,SEOUL NATIONAL UNIVERSITY HOSPITAL,FALSE,TRUE,1,1,24500
DEPARTMENT OF HEALTH AND HUMAN SERVICES (HHS),NATIONAL INSTITUTES OF HEALTH,ST PATRICK HOSPITAL CORPORATION,TRUE,TRUE,1,1,106591
DEPARTMENT OF HEALTH AND HUMAN SERVICES (HHS),NATIONAL INSTITUTES OF HEALTH,UNIVERSITY OF MARYLAND,FALSE,FALSE,1,1,-187109.01
DEPARTMENT OF HEALTH AND HUMAN SERVICES (HHS),NATIONAL INSTITUTES OF HEALTH,UNIVERSITY OF MARYLAND MEDICAL SYSTEM,TRUE,TRUE,1,1,-7174.15
DEPARTMENT OF HEALTH AND HUMAN SERVICES (HHS),NATIONAL INSTITUTES OF HEALTH,UNIVERSITY OF SOUTH CAROLINA,TRUE,FALSE,1,1,22607
DEPARTMENT OF HEALTH AND HUMAN SERVICES (HHS),NATIONAL INSTITUTES OF HEALTH,VANDERBILT UNIVERSITY MEDICAL CENTER,TRUE,TRUE,1,1,21815.2
DEPARTMENT OF HEALTH AND HUMAN SERVICES (HHS),OFFICE OF ASSISTANT SECRETARY FOR PREPAREDNESS AND RESPONSE,GVS FILTRATION INC.,FALSE,FALSE,1,1,23310000
DEPARTMENT OF HEALTH AND HUMAN SERVICES (HHS),OFFICE OF THE ASSISTANT SECRETARY FOR ADMINISTRATION (ASA),"BETH ISRAEL DEACONESS MEDICAL CENTER, INC",TRUE,TRUE,1,1,328305.77
DEPARTMENT OF HEALTH AND HUMAN SERVICES (HHS),OFFICE OF THE ASSISTANT SECRETARY FOR ADMINISTRATION (ASA),"REGENTS OF THE UNIVERSITY OF CALIFORNIA, SAN FRANCISCO, THE",FALSE,FALSE,1,1,202131
DEPARTMENT OF JUSTICE (DOJ),FEDERAL PRISON SYSTEM / BUREAU OF PRISONS,ADAPT PHARMA INC.,FALSE,FALSE,1,1,848.4
DEPARTMENT OF JUSTICE (DOJ),FEDERAL PRISON SYSTEM / BUREAU OF PRISONS,FACULTY PHYSICIANS AND SURGEONS OF LLUSM,TRUE,FALSE,1,1,1110
DEPARTMENT OF JUSTICE (DOJ),FEDERAL PRISON SYSTEM / BUREAU OF PRISONS,"HOWARD UNIVERSITY, INC.",TRUE,TRUE,1,1,138496.43
DEPARTMENT OF JUSTICE (DOJ),FEDERAL PRISON SYSTEM / BUREAU OF PRISONS,KANE COMMUNITY HOSPITAL,TRUE,TRUE,1,1,-4000
DEPARTMENT OF JUSTICE (DOJ),FEDERAL PRISON SYSTEM / BUREAU OF PRISONS,LOMA LINDA UNIVERSITY MEDICAL CENTER,TRUE,TRUE,1,1,918
DEPARTMENT OF JUSTICE (DOJ),FEDERAL PRISON SYSTEM / BUREAU OF PRISONS,"MOUNTAIN EMPIRE SURGERY CENTER, L.P.",FALSE,TRUE,1,1,36636.72
DEPARTMENT OF JUSTICE (DOJ),FEDERAL PRISON SYSTEM / BUREAU OF PRISONS,"PIKEVILLE MEDICAL CENTER, INC.",TRUE,TRUE,1,1,172871.93
DEPARTMENT OF JUSTICE (DOJ),FEDERAL PRISON SYSTEM / BUREAU OF PRISONS,PORTLAND ADVENTIST MEDICAL CENTER,TRUE,TRUE,1,1,80.55
DEPARTMENT OF JUSTICE (DOJ),FEDERAL PRISON SYSTEM / BUREAU OF PRISONS,TALLAHASSEE MEMORIAL HEALTHCARE INC,TRUE,TRUE,1,1,23713.55
DEPARTMENT OF JUSTICE (DOJ),FEDERAL PRISON SYSTEM / BUREAU OF PRISONS,UPMC PRESBYTERIAN SHADYSIDE,TRUE,TRUE,1,1,245170
DEPARTMENT OF JUSTICE (DOJ),"OFFICES, BOARDS AND DIVISIONS",KAISER FOUNDATION HOSPITALS,TRUE,TRUE,1,1,0
DEPARTMENT OF JUSTICE (DOJ),"OFFICES, BOARDS AND DIVISIONS",VANDERBILT UNIVERSITY MEDICAL CENTER,TRUE,TRUE,1,1,12250
DEPARTMENT OF THE TREASURY (TREAS),INTERNAL REVENUE SERVICE,"KATMAI RESOURCE MANAGEMENT, LLC",FALSE,FALSE,1,1,544388
